Participant ID,Trial #,Avg Time (s),Correctness Rate,Key Count
1,1,1.8008806228637695,0.4666666666666667,Overall
1,1,0.6438947518666586,1.0,1
1,1,1.7797214984893799,0.5,2
1,1,2.684489369392395,0.6666666666666666,3
