Participant ID,Trial #,Avg Time (s),Correctness Rate,Key Count
test,1,1.3340438902378082,1.0,Overall
test,1,0.6047695875167847,1.0,1
test,1,1.0574736595153809,1.0,2
test,1,1.7770792245864868,1.0,3
test,1,1.8968530893325806,1.0,4
