Participant ID,Trial #,Avg Time (s),Correctness Rate,Key Count
testing_data,6,3.4012099504470825,0.375,Overall
testing_data,6,1.2197763919830322,0.0,1
testing_data,6,2.7783254384994507,0.0,2
testing_data,6,1.79764986038208,0.5,3
testing_data,6,7.809088110923767,1.0,4
