Participant ID,Trial #,Avg Time (s),Correctness Rate,Key Count
1,1,2.7164418697357178,0.26666666666666666,Overall
1,1,0.742793083190918,1.0,1
1,1,1.0236680507659912,0.5,2
1,1,5.4662588238716125,0.16666666666666666,3
